"id","pid","address","price","dom","first_seen","last_seen","status","gone_date","hoa"
"632-South-St,-Holyoke,-MA-01040","F_356122_2898942","632 South St, Holyoke, MA 01040","1029000","181","2026-06-21","2026-09-28","lingering","",""
"9-Owens-Pl,-Holyoke,-MA-01040","F_353979_2904083","9 Owens Pl, Holyoke, MA 01040","267500","145","2026-06-21","2026-09-28","lingering","",""
"113-Pearl-St,-South-Hadley,-MA-01075","M_112050_893249","113 Pearl St, South Hadley, MA 01075","898000","312","2026-06-21","2026-09-28","lingering","",""
"125-Pearl-St,-South-Hadley,-MA-01075","M_111924_893234","125 Pearl St, South Hadley, MA 01075","997000","312","2026-06-21","2026-09-28","lingering","",""
"3-Elizabeth-Ln,-Unit-3,-Easthampton,-MA-01027","M_103575_891379","3 Elizabeth Ln, Unit 3, Easthampton, MA 01027","659900","252","2026-06-21","2026-09-28","lingering","","475"
"12-School-St,-Northampton,-MA-01060","M_106508_896616","12 School St, Northampton, MA 01060","645000","354","2026-06-21","2026-09-28","lingering","",""
"13-Elizabeth-Ln,-Unit-13,-Easthampton,-MA-01027","M_103575_891379","13 Elizabeth Ln, Unit 13, Easthampton, MA 01027","659900","252","2026-06-21","2026-09-28","lingering","","475"
"1-Elizabeth-Ln,-Unit-1,-Easthampton,-MA-01027","M_103575_891379","1 Elizabeth Ln, Unit 1, Easthampton, MA 01027","649900","252","2026-06-21","2026-09-28","lingering","","475"
"36-Torrey,-Easthampton,-MA-01027","M_99783_893027","36 Torrey, Easthampton, MA 01027","355000","381","2026-06-21","2026-09-28","lingering","",""
"5-Elizabeth-Ln,-Unit-5,-Easthampton,-MA-01027","M_103575_891379","5 Elizabeth Ln, Unit 5, Easthampton, MA 01027","659900","252","2026-06-21","2026-09-28","lingering","","475"
"277-River-Dr,-Hadley,-MA-01035","M_111532_905160","277 River Dr, Hadley, MA 01035","259000","168","2026-06-21","2026-09-28","lingering","",""
"17-Adams-St,-Easthampton,-MA-01027","M_103843_891305","17 Adams St, Easthampton, MA 01027","1150000","164","2026-06-21","2026-09-28","lingering","",""
"64-66-Pleasant-St,-Easthampton,-MA-01027","M_103768_891970","64-66 Pleasant St, Easthampton, MA 01027","995000","161","2026-06-21","2026-09-28","lingering","",""
"351-Pleasant-St,-Apt-9,-Northampton,-MA-01060","M_107185_896738","351 Pleasant St, Apt 9, Northampton, MA 01060","329900","8","2026-06-21","2026-09-28","new","","297"
"9-Mill-Valley-Rd,-Hadley,-MA-01035","M_112073_900189","9 Mill Valley Rd, Hadley, MA 01035","1295000","124","2026-06-21","2026-09-28","lingering","",""
"Westhampton-Rd,-Northampton,-MA-01062","M_100381_895104","Westhampton Rd, Northampton, MA 01062","1560000","123","2026-06-21","2026-09-28","lingering","",""
"33-Landy-Ave,-Northampton,-MA-01062","M_103529_898363","33 Landy Ave, Northampton, MA 01062","849900","116","2026-06-21","2026-09-28","lingering","",""
"63-Dryads-Grn,-Northampton,-MA-01060","M_105563_897177","63 Dryads Grn, Northampton, MA 01060","1175000","109","2026-06-21","2026-09-28","lingering","",""
"5-Deer-Meadow-Way,-Unit-5,-South-Hadley,-MA-01075","M_110638_891020","5 Deer Meadow Way, Unit 5, South Hadley, MA 01075","589000","106","2026-06-21","2026-09-28","lingering","","400"
"15-Tiffany-Ln,-Northampton,-MA-01062","M_99806_895311","15 Tiffany Ln, Northampton, MA 01062","599000","105","2026-06-21","2026-09-28","lingering","",""
"310-South-St,-Northampton,-MA-01060","M_105895_895871","310 South St, Northampton, MA 01060","1049999","102","2026-06-21","2026-09-28","lingering","",""
"351-Pleasant-St,-Apt-11,-Northampton,-MA-01060","M_107185_896738","351 Pleasant St, Apt 11, Northampton, MA 01060","334900","103","2026-06-21","2026-09-28","lingering","","363"
"827-831-Armory-St,-Springfield,-MA-01107","F_358373_2873700","827-831 Armory St, Springfield, MA 01107","430000","140","2026-06-21","2026-09-28","lingering","",""
"8-Emerald-Ave,-Westfield,-MA-01085","F_323201_2881562","8 Emerald Ave, Westfield, MA 01085","549900","124","2026-06-21","2026-09-28","lingering","",""
"21-Fourth-Ave,-Westfield,-MA-01085","F_316075_2888498","21 Fourth Ave, Westfield, MA 01085","73999","98","2026-06-21","2026-09-21","gone","2026-09-28","461"
"4-Ladyslipper-Ln,-Hadley,-MA-01035","M_112639_907708","4 Ladyslipper Ln, Hadley, MA 01035","524900","107","2026-06-21","2026-09-28","lingering","",""
"137-Carroll-St,-Springfield,-MA-01108","F_371802_2855237","137 Carroll St, Springfield, MA 01108","329900","439","2026-06-21","2026-09-28","lingering","",""
"34-Sumner-Ave,-Apt-208,-Springfield,-MA-01108","F_364254_2857231","34 Sumner Ave, Apt 208, Springfield, MA 01108","179000","273","2026-06-21","2026-09-28","lingering","","352"
"38-Manchester-Ter,-Springfield,-MA-01108","F_373517_2856206","38 Manchester Ter, Springfield, MA 01108","375000","203","2026-06-21","2026-09-28","lingering","",""
"270-Maple-St,-Springfield,-MA-01105","F_363862_2862219","270 Maple St, Springfield, MA 01105","1099000","203","2026-06-21","2026-09-28","lingering","",""
"34-Sumner-Ave,-Apt-301,-Springfield,-MA-01108","F_364254_2857231","34 Sumner Ave, Apt 301, Springfield, MA 01108","209000","179","2026-06-21","2026-09-28","lingering","","394"
"80-Yorktown-Dr,-Unit-80,-Springfield,-MA-01108","F_370329_2851764","80 Yorktown Dr, Unit 80, Springfield, MA 01108","254900","179","2026-06-21","2026-09-28","lingering","","433"
"16-Mobile-Home-Way,-Springfield,-MA-01119","F_383749_2876217","16 Mobile Home Way, Springfield, MA 01119","115000","160","2026-06-21","2026-09-21","gone","2026-09-28","345"
"235-State-St,-Apt-111,-Springfield,-MA-01103","F_362223_2864615","235 State St, Apt 111, Springfield, MA 01103","247000","181","2026-06-21","2026-09-28","lingering","","497"
"34-Sumner-Ave,-Apt-210,-Springfield,-MA-01108","F_364254_2857231","34 Sumner Ave, Apt 210, Springfield, MA 01108","224900","165","2026-06-21","2026-09-28","lingering","","408"
"58-Appleton-St,-Springfield,-MA-01108","F_370263_2855267","58 Appleton St, Springfield, MA 01108","305000","141","2026-06-21","2026-09-28","lingering","",""
"186-Tanglewood-Dr,-Longmeadow,-MA-01106","F_367324_2849868","186 Tanglewood Dr, Longmeadow, MA 01106","1375000","140","2026-06-21","2026-09-28","lingering","",""
"31-Buena-Vista-Plz,-Springfield,-MA-01108","F_363908_2855926","31 Buena Vista Plz, Springfield, MA 01108","445000","134","2026-06-21","2026-09-28","lingering","",""
"288-Saint-James-Ave,-Springfield,-MA-01109","F_365426_2869659","288 Saint James Ave, Springfield, MA 01109","399900","125","2026-06-21","2026-09-28","lingering","",""
"27-Mattoon-St,-Springfield,-MA-01105","F_361134_2865195","27 Mattoon St, Springfield, MA 01105","399900","123","2026-06-21","2026-09-28","lingering","",""
"164-Arnold-Ave,-Springfield,-MA-01119","F_378581_2874176","164 Arnold Ave, Springfield, MA 01119","319000","112","2026-06-21","2026-09-28","lingering","",""
"50-Bellevue-Ave,-Springfield,-MA-01108","F_365438_2859624","50 Bellevue Ave, Springfield, MA 01108","375000","113","2026-06-21","2026-09-28","lingering","",""
"91-Spikenard-Cir,-Springfield,-MA-01129","F_389940_2872663","91 Spikenard Cir, Springfield, MA 01129","365000","110","2026-06-21","2026-09-28","lingering","",""
"725-Bay-St,-Springfield,-MA-01109","F_369107_2872901","725 Bay St, Springfield, MA 01109","250000","109","2026-06-21","2026-09-28","lingering","",""
"59-61-Carlisle-St,-Springfield,-MA-01109","F_371620_2867422","59-61 Carlisle St, Springfield, MA 01109","375000","110","2026-06-21","2026-09-28","lingering","",""
"101-Mulberry-St,-Apt-113,-Springfield,-MA-01105","F_363937_2864281","101 Mulberry St, Apt 113, Springfield, MA 01105","175000","108","2026-06-21","2026-09-28","lingering","","480"
"38-Oxford-St,-Springfield,-MA-01108","F_365197_2858251","38 Oxford St, Springfield, MA 01108","418000","104","2026-06-21","2026-09-28","lingering","",""
"29-Englewood-Rd,-Longmeadow,-MA-01106","F_362709_2850589","29 Englewood Rd, Longmeadow, MA 01106","835000","102","2026-06-21","2026-09-28","lingering","",""
"556-S-Main-St,-Brattleboro,-VT-05301","081-025-13507","556 S Main St, Brattleboro, VT 05301","250000","1489","2026-06-21","2026-09-21","gone","2026-09-28",""
"573-S-Main-St,-Brattleboro,-VT-05301","081-025-11722","573 S Main St, Brattleboro, VT 05301","350000","1471","2026-06-21","2026-09-28","lingering","",""
"Huckle-Hill-Rd,-Vernon,-VT-05354","666-211-10702","Huckle Hill Rd, Vernon, VT 05354","70000","390","2026-06-21","2026-09-28","lingering","",""
"39-Atwood-St,-Brattleboro,-VT-05301","081-025-14241","39 Atwood St, Brattleboro, VT 05301","320000","239","2026-06-21","2026-09-28","lingering","",""
"171-Green-Meadow-Rd,-Brattleboro,-VT-05301","081-025-10401","171 Green Meadow Rd, Brattleboro, VT 05301","595000","148","2026-06-21","2026-09-28","lingering","",""
"550-S-Main-St,-Brattleboro,-VT-05301","081-025-13507","550 S Main St, Brattleboro, VT 05301","319000","152","2026-06-21","2026-09-28","lingering","",""
"243-Newton-Rd,-Vernon,-VT-05354","666-211-11082","243 Newton Rd, Vernon, VT 05354","319000","105","2026-06-21","2026-09-28","lingering","",""
"24-Sawyers-Crossing-Rd,-Swanzey,-NH-03446","034210-225010000000000000","24 Sawyers Crossing Rd, Swanzey, NH 03446","565000","150","2026-06-21","2026-09-28","lingering","",""
"67-Park-Ave,-Keene,-NH-03431","034113-557-018-000-000","67 Park Ave, Keene, NH 03431","574900","106","2026-06-21","2026-09-28","lingering","",""
"32-Cassie-Ln,-Bennington,-VT-05201","051-015-66166","32 Cassie Ln, Bennington, VT 05201","96406","447","2026-06-21","2026-09-28","lingering","","374"
"29-Asas-Way,-Bennington,-VT-05201","051-138-70006","29 Asas Way, Bennington, VT 05201","55000","146","2026-06-21","2026-09-21","gone","2026-09-28",""
"116-118-S-Branch-St,-Bennington,-VT-05201","051-015-68079","116-118 S Branch St, Bennington, VT 05201","269000","181","2026-06-21","2026-09-28","lingering","",""
"1629-N-Mann-Hill-Rd,-Pownal,-VT-05261",NA,"1629 N Mann Hill Rd, Pownal, VT 05261","795000","168","2026-06-21","2026-09-28","lingering","",""
"751-Main-Rd,-Stamford,-VT-05352","609-191-10548","751 Main Rd, Stamford, VT 05352","1900000","159","2026-06-21","2026-09-28","lingering","",""
"205-County-St,-Bennington,-VT-05201","051-015-66964","205 County St, Bennington, VT 05201","219000","150","2026-06-21","2026-09-28","lingering","",""
"509-Thompson-Pond-Rd,-Pownal,-VT-05261","495-156-11809","509 Thompson Pond Rd, Pownal, VT 05261","299000","146","2026-06-21","2026-09-28","lingering","",""
"302-Us-Rte,-7,-Pownal,-VT-05261","495-156-10594","302 Us Rte, 7, Pownal, VT 05261","169900","140","2026-06-21","2026-09-28","lingering","",""
"155-Brookman-Rd,-Pownal,-VT-05261","495-156-11776","155 Brookman Rd, Pownal, VT 05261","875000","133","2026-06-21","2026-09-28","lingering","",""
"498-Townline-Rd,-Bennington,-VT-05201",NA,"498 Townline Rd, Bennington, VT 05201","460000","102","2026-06-21","2026-09-28","lingering","",""
"25-Taft-St,-North-Adams,-MA-01247","M_64802_939851","25 Taft St, North Adams, MA 01247","229900","160","2026-06-21","2026-09-28","lingering","","512"
"842-Church-St,-North-Adams,-MA-01247","M_64371_940261","842 Church St, North Adams, MA 01247","150000","82","2026-06-21","2026-09-28","lingering","",""
"31-Taft-St,-North-Adams,-MA-01247","M_64802_939851","31 Taft St, North Adams, MA 01247","239900","138","2026-06-21","2026-09-28","lingering","","512"
"31-Taft-St,-Unit-31,-North-Adams,-MA-01247","M_64802_939851","31 Taft St, Unit 31, North Adams, MA 01247","239900","134","2026-06-21","2026-09-28","lingering","","512"
"50-Lawrence,-Palmer,-MA-01069","M_131584_880018","50 Lawrence, Palmer, MA 01069","129900","235","2026-06-21","2026-09-28","lingering","",""
"100-High-Pine-Cir,-Unit-100,-Wilbraham,-MA-01095","F_402873_2878038","100 High Pine Cir, Unit 100, Wilbraham, MA 01095","589000","138","2026-06-21","2026-09-28","lingering","","695"
"32-Main-St,-Monson,-MA-01057","F_434533_2864692","32 Main St, Monson, MA 01057","499000","130","2026-06-21","2026-09-28","lingering","",""
"10-High-Pine-Cir,-Unit-10,-Wilbraham,-MA-01095","F_402873_2878038","10 High Pine Cir, Unit 10, Wilbraham, MA 01095","599000","111","2026-06-21","2026-09-28","lingering","","639"
"45-River-St,-Belchertown,-MA-01007","M_129080_884745","45 River St, Belchertown, MA 01007","185000","186","2026-06-21","2026-09-28","lingering","",""
"281-Chauncey-Walker-St,-Unit-86B,-Belchertown,-MA-01007","M_125301_889114","281 Chauncey Walker St, Unit 86B, Belchertown, MA 01007","85000","16","2026-06-21","2026-09-28","lingering","","344"
"79-High-Pine-Cir,-Unit-79,-Wilbraham,-MA-01095","F_402873_2878038","79 High Pine Cir, Unit 79, Wilbraham, MA 01095","539900","105","2026-06-21","2026-09-28","lingering","","719"
"47-Horseshoe-Cir,-Ware,-MA-01082","M_133346_890843","47 Horseshoe Cir, Ware, MA 01082","354500","8","2026-06-22","2026-09-21","gone","2026-09-28","26"
"91-Shadow-Brook-Est,-Unit-91,-South-Hadley,-MA-01075","M_110968_886188","91 Shadow Brook Est, Unit 91, South Hadley, MA 01075","549900","96","2026-06-29","2026-09-28","lingering","","637"
"58-Main-St,-Ste-4,-Hatfield,-MA-01038","F_360053_2962740","58 Main St, Ste 4, Hatfield, MA 01038","475000","86","2026-06-29","2026-09-21","gone","2026-09-28","701"
"30-Firglade-Ave,-Springfield,-MA-01108","F_365345_2856982","30 Firglade Ave, Springfield, MA 01108","469000","196","2026-06-29","2026-09-28","lingering","",""
"65-Fargo-St,-Springfield,-MA-01119","F_378523_2874420","65 Fargo St, Springfield, MA 01119","299900","98","2026-06-29","2026-09-28","lingering","",""
"248-Laconia-St,-Springfield,-MA-01129","F_389042_2880210","248 Laconia St, Springfield, MA 01129","339900","97","2026-06-29","2026-09-28","lingering","",""
"70-Temple-St,-Apt-1,-Springfield,-MA-01105","F_362584_2864671","70 Temple St, Apt 1, Springfield, MA 01105","149000","97","2026-06-29","2026-09-28","lingering","","200"
"30-Goldenrod-St,-Springfield,-MA-01109","F_369037_2872049","30 Goldenrod St, Springfield, MA 01109","448499","96","2026-06-29","2026-09-28","lingering","",""
"14-18-Loftus-St,-Unit-0,-North-Adams,-MA-01247","M_67394_940494","14-18 Loftus St, Unit 0, North Adams, MA 01247","70000","130","2026-06-29","2026-09-28","lingering","",""
"107-Lyons-St,-Bennington,-VT-05201","051-015-67526","107 Lyons St, Bennington, VT 05201","80000","98","2026-06-29","2026-09-28","lingering","",""
"10-Winston-Ct,-Unit-10,-Amherst,-MA-01002","F_389457_2959522","10 Winston Ct, Unit 10, Amherst, MA 01002","399999","85","2026-06-30","2026-09-21","gone","2026-09-28","399"
"35-Turnpike-Rd,-Sharon,-NH-03458","064194-00000700009B000000","35 Turnpike Rd, Sharon, NH 03458","649500","131","2026-06-30","2026-09-28","lingering","",""
"14-Tico-Rd,-Rindge,-NH-03461","034182-000022-000022-0011-1","14 Tico Rd, Rindge, NH 03461","1075000","181","2026-06-30","2026-09-28","lingering","",""
"137-Prescott-Rd,-Jaffrey,-NH-03452","034111-257-26","137 Prescott Rd, Jaffrey, NH 03452","589900","146","2026-06-30","2026-09-28","lingering","",""
"5-Pomeroy-Ter,-Unit-3,-Northampton,-MA-01060","M_107274_897506","5 Pomeroy Ter, Unit 3, Northampton, MA 01060","379000","91","2026-07-06","2026-09-28","lingering","","345"
"455-S-Main-St,-Brattleboro,-VT-05301","081-025-14627","455 S Main St, Brattleboro, VT 05301","269000","89","2026-07-06","2026-09-28","lingering","",""
"350-Woodbound-Rd,-Jaffrey,-NH-03452","034111-242-24","350 Woodbound Rd, Jaffrey, NH 03452","499000","90","2026-07-06","2026-09-28","lingering","",""
"35-Pinehurst-St,-Westfield,-MA-01085","F_317938_2878886","35 Pinehurst St, Westfield, MA 01085","350000","84","2026-07-13","2026-09-28","lingering","",""
"86-Amherst-St,-Springfield,-MA-01109","F_366420_2870478","86 Amherst St, Springfield, MA 01109","399999","82","2026-07-13","2026-09-28","lingering","",""
"127-129-Thompson-St,-Springfield,-MA-01109","F_365387_2868344","127-129 Thompson St, Springfield, MA 01109","359000","79","2026-07-13","2026-09-28","lingering","",""
"62-Fairview-Ave,-Northampton,-MA-01060","M_106460_896032","62 Fairview Ave, Northampton, MA 01060","985000","85","2026-07-13","2026-09-28","lingering","",""
"56-Lincoln-Ave,-South-Hadley,-MA-01075","M_110754_887206","56 Lincoln Ave, South Hadley, MA 01075","349000","82","2026-07-13","2026-09-28","lingering","",""
"4-Sabrina-Way,-Unit-F,-Agawam,-MA-01001","F_358138_2854975","4 Sabrina Way, Unit F, Agawam, MA 01001","479900","288","2026-07-13","2026-09-28","lingering","","275"
"2-Crescent-Hl,-Springfield,-MA-01105","F_364491_2861523","2 Crescent Hl, Springfield, MA 01105","395000","85","2026-07-13","2026-09-28","lingering","",""
"20-Hawthorne-St,-Springfield,-MA-01105","F_366268_2863060","20 Hawthorne St, Springfield, MA 01105","184900","85","2026-07-13","2026-09-28","lingering","",""
"7066-Main-St,-Readsboro,-VT-05350",NA,"7066 Main St, Readsboro, VT 05350","199900","82","2026-07-13","2026-09-28","lingering","",""
"4-Stewart-Ave,-Monson,-MA-01057","F_436061_2863971","4 Stewart Ave, Monson, MA 01057","289900","167","2026-07-20","2026-09-28","lingering","",""
"72-Stafford-Rd,-Monson,-MA-01057","F_435722_2852177","72 Stafford Rd, Monson, MA 01057","694900","76","2026-07-20","2026-09-28","lingering","",""
"60-Waters-Edge-Dr,-Unit-60,-Ludlow,-MA-01056","M_118424_880306","60 Waters Edge Dr, Unit 60, Ludlow, MA 01056","280000","73","2026-07-20","2026-09-28","lingering","","225"
"23-Randolph-Pl,-Apt-108,-Northampton,-MA-01060","M_106985_896882","23 Randolph Pl, Apt 108, Northampton, MA 01060","259000","78","2026-07-20","2026-09-28","lingering","","388"
"175-Granby-Rd,-South-Hadley,-MA-01075","M_110990_886578","175 Granby Rd, South Hadley, MA 01075","468000","78","2026-07-20","2026-09-28","lingering","",""
"6-Sherman-Ave,-Northampton,-MA-01060","M_107376_898405","6 Sherman Ave, Northampton, MA 01060","659000","76","2026-07-20","2026-09-28","lingering","",""
"385-Worthington-St,-Apt-2F,-Springfield,-MA-01103","F_360407_2865504","385 Worthington St, Apt 2F, Springfield, MA 01103","244900","76","2026-07-20","2026-09-28","lingering","","334"
"11-Mountainview-St,-Chicopee,-MA-01020","F_364141_2896370","11 Mountainview St, Chicopee, MA 01020","425000","76","2026-07-20","2026-09-28","lingering","",""
"543-Boston-Rd,-Springfield,-MA-01109","F_378102_2875253","543 Boston Rd, Springfield, MA 01109","650000","72","2026-07-20","2026-09-28","lingering","",""
"170-E-Hadley-Rd,-Apt-65,-Amherst,-MA-01002","F_379325_2954051","170 E Hadley Rd, Apt 65, Amherst, MA 01002","295000","75","2026-07-20","2026-09-28","lingering","","473"
"23-Summerfield-Rd,-Amherst,-MA-01002","F_389154_2955443","23 Summerfield Rd, Amherst, MA 01002","829000","75","2026-07-20","2026-09-28","lingering","",""
"2-Cronin-Hill-Rd,-Hatfield,-MA-01038","F_357401_2972767","2 Cronin Hill Rd, Hatfield, MA 01038","656900","76","2026-07-20","2026-09-28","lingering","",""
"36-Spruceland-Ave,-Springfield,-MA-01108","F_364513_2856633","36 Spruceland Ave, Springfield, MA 01108","475000","76","2026-07-20","2026-09-28","lingering","",""
"47-Trafton-Rd,-Springfield,-MA-01108","F_369309_2857055","47 Trafton Rd, Springfield, MA 01108","324999","75","2026-07-20","2026-09-28","lingering","",""
"185-Leyfred-Ter,-Springfield,-MA-01108","F_365903_2860380","185 Leyfred Ter, Springfield, MA 01108","324900","75","2026-07-20","2026-09-28","lingering","",""
"124-S-Branch-St,-Bennington,-VT-05201","051-015-68078","124 S Branch St, Bennington, VT 05201","275000","181","2026-07-20","2026-09-28","lingering","",""
"Albert-St,-Adams,-MA-01220","M_67714_932620","Albert St, Adams, MA 01220","64900","77","2026-07-20","2026-09-28","lingering","",""
"Aldrich-St,-Lot-D,-Belchertown,-MA-01007","M_127650_891459","Aldrich St, Lot D, Belchertown, MA 01007","725000","70","2026-07-27","2026-09-28","lingering","",""
"219-Old-Warren-Rd,-Palmer,-MA-01069","M_133912_882142","219 Old Warren Rd, Palmer, MA 01069","325000","67","2026-07-27","2026-09-28","lingering","",""
"140-Everett-St,-Easthampton,-MA-01027","M_104862_891792","140 Everett St, Easthampton, MA 01027","434900","68","2026-07-27","2026-09-28","lingering","",""
"16-Boynton-Ave,-South-Hadley,-MA-01075","M_110948_888311","16 Boynton Ave, South Hadley, MA 01075","350000","69","2026-07-27","2026-09-28","lingering","",""
"374-South-St,-Northampton,-MA-01060","M_105665_895760","374 South St, Northampton, MA 01060","650000","66","2026-07-27","2026-09-28","lingering","",""
"81-Mccarthy-Ave,-Chicopee,-MA-01020","F_366676_2900433","81 Mccarthy Ave, Chicopee, MA 01020","360000","70","2026-07-27","2026-09-28","lingering","",""
"11-Carol-Cir,-Westfield,-MA-01085","F_317013_2889078","11 Carol Cir, Westfield, MA 01085","350000","68","2026-07-27","2026-09-28","lingering","","581"
"289-Lower-Sandyhill-Rd,-Westfield,-MA-01085","F_322580_2876383","289 Lower Sandyhill Rd, Westfield, MA 01085","90000","43","2026-07-27","2026-09-28","lingering","",""
"56-Montville-St,-Unit-56,-Chicopee,-MA-01013","F_357843_2895093","56 Montville St, Unit 56, Chicopee, MA 01013","295000","61","2026-07-27","2026-09-21","gone","2026-09-28","150"
"170-E-Hadley-Rd,-Apt-140,-Amherst,-MA-01002","F_379325_2954051","170 E Hadley Rd, Apt 140, Amherst, MA 01002","194900","69","2026-07-27","2026-09-28","lingering","","353"
"170-E-Hadley-Rd,-Apt-96,-Amherst,-MA-01002","F_379325_2954051","170 E Hadley Rd, Apt 96, Amherst, MA 01002","329000","69","2026-07-27","2026-09-28","lingering","","536"
"66-Barrison-St,-Springfield,-MA-01109","F_376976_2869219","66 Barrison St, Springfield, MA 01109","349000","12","2026-07-27","2026-09-21","gone","2026-09-28",""
"74-Leatherleaf-Dr,-Springfield,-MA-01109","F_377397_2866498","74 Leatherleaf Dr, Springfield, MA 01109","349900","70","2026-07-27","2026-09-28","lingering","",""
"208-Tanglewood-Dr,-Longmeadow,-MA-01106","F_367292_2849566","208 Tanglewood Dr, Longmeadow, MA 01106","799000","69","2026-07-27","2026-09-28","lingering","",""
"14-16-Revere-St,-Springfield,-MA-01108","F_368105_2861764","14-16 Revere St, Springfield, MA 01108","429000","67","2026-07-27","2026-09-28","lingering","",""
"177-Porter-Lake-Dr,-Unit-177,-Springfield,-MA-01106","F_368261_2851970","177 Porter Lake Dr, Unit 177, Springfield, MA 01106","359900","68","2026-07-27","2026-09-28","lingering","","648"
"164-Regency-Park-Dr,-Unit-164,-Agawam,-MA-01001","F_358405_2856595","164 Regency Park Dr, Unit 164, Agawam, MA 01001","175000","65","2026-07-27","2026-09-28","lingering","","317"
"60-Tori-Ln,-Bennington,-VT-05201","051-015-68220","60 Tori Ln, Bennington, VT 05201","132900","67","2026-07-27","2026-09-28","lingering","",""
"281-Chauncey-Walker-St-A-Ave,-Unit-26,-Belchertown,-MA-01007","M_125301_889114","281 Chauncey Walker St A Ave, Unit 26, Belchertown, MA 01007","175000","61","2026-08-03","2026-09-28","lingering","",""
"268-Palmer-Rd,-Trlr-17,-Monson,-MA-01057","F_434828_2877851","268 Palmer Rd, Trlr 17, Monson, MA 01057","99900","60","2026-08-03","2026-09-28","lingering","","700"
"26-Gore-Ave,-Hatfield,-MA-01038","F_352984_2963654","26 Gore Ave, Hatfield, MA 01038","599000","149","2026-08-03","2026-09-28","lingering","",""
"6-Gross-Ln,-Easthampton,-MA-01027","M_105232_891734","6 Gross Ln, Easthampton, MA 01027","549900","62","2026-08-03","2026-09-28","lingering","",""
"94-Lyman-Rd,-Unit-A,-Northampton,-MA-01060","M_106983_896166","94 Lyman Rd, Unit A, Northampton, MA 01060","875000","63","2026-08-03","2026-09-28","lingering","",""
"94-Lyman-Rd,-Unit-B,-Northampton,-MA-01060","M_106983_896166","94 Lyman Rd, Unit B, Northampton, MA 01060","875000","63","2026-08-03","2026-09-28","lingering","",""
"75-Shadow-Brook-Est,-Unit-75,-South-Hadley,-MA-01075","M_110968_886188","75 Shadow Brook Est, Unit 75, South Hadley, MA 01075","600000","57","2026-08-03","2026-09-28","lingering","","599"
"2-Kevin-Dr,-Southampton,-MA-01073","F_320130_2906836","2 Kevin Dr, Southampton, MA 01073","1099000","59","2026-08-03","2026-09-28","lingering","","31"
"13-15-Cass-St,-Springfield,-MA-01104","F_360654_2867767","13-15 Cass St, Springfield, MA 01104","409000","62","2026-08-03","2026-09-28","lingering","",""
"19-Suffolk-St,-Springfield,-MA-01109","F_370759_2867659","19 Suffolk St, Springfield, MA 01109","259900","61","2026-08-03","2026-09-28","lingering","",""
"Wequamps-Dr,-Lot-56,-Deerfield,-MA-01373","M_106581_916949","Wequamps Dr, Lot 56, Deerfield, MA 01373","85000","55","2026-08-03","2026-09-21","gone","2026-09-28",""
"34-Plain-Rd-E,-Deerfield,-MA-01373","M_108180_917137","34 Plain Rd E, Deerfield, MA 01373","899000","62","2026-08-03","2026-09-28","lingering","",""
"Mount-Anthony-Rd,-Bennington,-VT-05201","051-015-66164","Mount Anthony Rd, Bennington, VT 05201","75000","60","2026-08-03","2026-09-28","lingering","",""
"87B-Hill-Rd,-Pownal,-VT-05261","495-156-10144","87B Hill Rd, Pownal, VT 05261","415000","63","2026-08-03","2026-09-28","lingering","",""
"110-Short-St,-Bennington,-VT-05201","051-015-67207","110 Short St, Bennington, VT 05201","350000","64","2026-08-03","2026-09-28","lingering","",""
"78-Wollaston-St,-Springfield,-MA-01119","F_381994_2876363","78 Wollaston St, Springfield, MA 01119","304900","5","2026-08-10","2026-09-28","new","",""
"229-Miller-St,-Trlr-F4,-Ludlow,-MA-01056","M_122676_880246","229 Miller St, Trlr F4, Ludlow, MA 01056","135750","52","2026-08-10","2026-09-28","lingering","","387"
"46-48-Fenwick-St,-Springfield,-MA-01109","F_372234_2867348","46-48 Fenwick St, Springfield, MA 01109","349750","56","2026-08-10","2026-09-28","lingering","",""
"142-Springfield-St,-Springfield,-MA-01107","F_356916_2872492","142 Springfield St, Springfield, MA 01107","445000","55","2026-08-10","2026-09-28","lingering","",""
"86-Bowdoin-St,-Springfield,-MA-01109","F_364245_2868123","86 Bowdoin St, Springfield, MA 01109","800000","53","2026-08-10","2026-09-28","lingering","",""
"73-Bridge-St,-Apt-17,-Northampton,-MA-01060","M_107247_897398","73 Bridge St, Apt 17, Northampton, MA 01060","312500","56","2026-08-10","2026-09-28","lingering","","362"
"15-Red-Fox-Ln,-Amherst,-MA-01002","F_392518_2959317","15 Red Fox Ln, Amherst, MA 01002","545000","112","2026-08-10","2026-09-28","lingering","","8"
"494-Station-Rd,-Amherst,-MA-01002","F_390745_2951174","494 Station Rd, Amherst, MA 01002","739900","55","2026-08-10","2026-09-28","lingering","",""
"96-Straits-Rd,-Hatfield,-MA-01038","F_356894_2973004","96 Straits Rd, Hatfield, MA 01038","675000","52","2026-08-10","2026-09-28","lingering","",""
"9-Flintlock-Ln,-Amherst,-MA-01002","F_390842_2958566","9 Flintlock Ln, Amherst, MA 01002","529000","52","2026-08-10","2026-09-28","lingering","","8"
"34-Sumner-Ave,-Apt-402,-Springfield,-MA-01108","F_364254_2857231","34 Sumner Ave, Apt 402, Springfield, MA 01108","169000","273","2026-08-10","2026-09-28","lingering","","383"
"137-Appleton-St,-Springfield,-MA-01108","F_370827_2854709","137 Appleton St, Springfield, MA 01108","285000","56","2026-08-10","2026-09-28","lingering","",""
"174-Locust-St,-Springfield,-MA-01108","F_364757_2860010","174 Locust St, Springfield, MA 01108","975000","50","2026-08-10","2026-09-28","lingering","",""
"549-West-St,-Keene,-NH-03431","034113-565-001-000-000","549 West St, Keene, NH 03431","459900","200","2026-08-10","2026-09-28","lingering","",""
"17-Waters-Edge-Rd,-Swanzey,-NH-03431","034210-103053000000000000","17 Waters Edge Rd, Swanzey, NH 03431","404500","56","2026-08-10","2026-09-28","lingering","",""
"211-Main-St,-Wilbraham,-MA-01095","F_403570_2876740","211 Main St, Wilbraham, MA 01095","449900","49","2026-08-17","2026-09-28","lingering","",""
"3057-Palmer-St,-Palmer,-MA-01069","M_130037_883572","3057 Palmer St, Palmer, MA 01069","400000","40","2026-08-17","2026-09-21","gone","2026-09-28",""
"1A-Aspen-Dr,-Unit-1,-Wilbraham,-MA-01095","F_402873_2878038","1A Aspen Dr, Unit 1, Wilbraham, MA 01095","499900","45","2026-08-17","2026-09-28","lingering","","583"
"119-Littleton-St,-Springfield,-MA-01104","F_363518_2872543","119 Littleton St, Springfield, MA 01104","309900","50","2026-08-17","2026-09-28","lingering","",""
"94-96-Byers-St,-Springfield,-MA-01105","F_361888_2865909","94-96 Byers St, Springfield, MA 01105","419900","44","2026-08-17","2026-09-28","lingering","",""
"26-Hebron-St,-Springfield,-MA-01107","F_357518_2868547","26 Hebron St, Springfield, MA 01107","425000","47","2026-08-17","2026-09-28","lingering","",""
"139-Blanchard-St,-Chicopee,-MA-01020","F_368123_2901606","139 Blanchard St, Chicopee, MA 01020","650000","47","2026-08-17","2026-09-28","lingering","",""
"171-Dartmouth-Ter,-Springfield,-MA-01109","F_364801_2869679","171 Dartmouth Ter, Springfield, MA 01109","434900","47","2026-08-17","2026-09-28","lingering","",""
"46-Kay-St,-Springfield,-MA-01109","F_377246_2870703","46 Kay St, Springfield, MA 01109","299900","36","2026-08-17","2026-09-21","gone","2026-09-28",""
"78-Ferry-St,-Easthampton,-MA-01027","M_105095_892295","78 Ferry St, Easthampton, MA 01027","399000","77","2026-08-17","2026-09-28","lingering","",""
"2-Skinnerwoods-Way,-Unit-2,-South-Hadley,-MA-01033","M_113181_893178","2 Skinnerwoods Way, Unit 2, South Hadley, MA 01033","589900","42","2026-08-17","2026-09-21","gone","2026-09-28","250"
"202-Brickyard-Rd,-Southampton,-MA-01073","F_318116_2900139","202 Brickyard Rd, Southampton, MA 01073","249999","50","2026-08-17","2026-09-28","lingering","",""
"14-Florence-Rd,-Easthampton,-MA-01027","M_103464_893077","14 Florence Rd, Easthampton, MA 01027","414900","48","2026-08-17","2026-09-28","lingering","",""
"93-Arch-St,-Northampton,-MA-01053","M_101282_900532","93 Arch St, Northampton, MA 01053","845000","38","2026-08-17","2026-09-21","gone","2026-09-28",""
"71-West-St,-Hatfield,-MA-01088","F_349652_2964733","71 West St, Hatfield, MA 01088","544900","49","2026-08-17","2026-09-28","lingering","",""
"497-Main-St,-Hatfield,-MA-01038","F_361314_2979233","497 Main St, Hatfield, MA 01038","750000","47","2026-08-17","2026-09-28","lingering","",""
"136-Main-St,-Hatfield,-MA-01038","F_361019_2965956","136 Main St, Hatfield, MA 01038","1399900","47","2026-08-17","2026-09-28","lingering","",""
"5-Meadow-Oak-Ln,-Unit-B,-Deerfield,-MA-01373","M_106630_918758","5 Meadow Oak Ln, Unit B, Deerfield, MA 01373","330000","48","2026-08-17","2026-09-28","lingering","","315"
"243-Central-St,-Springfield,-MA-01105","F_364631_2862940","243 Central St, Springfield, MA 01105","330000","82","2026-08-17","2026-09-21","gone","2026-09-28",""
"1-Plantation-Dr,-Unit-1,-Agawam,-MA-01001","F_356367_2853740","1 Plantation Dr, Unit 1, Agawam, MA 01001","259000","47","2026-08-17","2026-09-28","lingering","","360"
"89-W-Alvord-St,-Springfield,-MA-01108","F_371302_2859643","89 W Alvord St, Springfield, MA 01108","260000","48","2026-08-17","2026-09-28","lingering","",""
"58-Euclid-Ave,-Springfield,-MA-01108","F_366165_2859494","58 Euclid Ave, Springfield, MA 01108","529900","45","2026-08-17","2026-09-28","lingering","",""
"26-Blue-Jay-Ct,-Keene,-NH-03431","034113-219-001-000-125","26 Blue Jay Ct, Keene, NH 03431","74000","74","2026-08-17","2026-09-28","lingering","","565"
"928-Main-Rd,-Stamford,-VT-05352","609-191-10183","928 Main Rd, Stamford, VT 05352","429000","47","2026-08-17","2026-09-28","lingering","",""
"1955-Vt-Rte,-100,-Readsboro,-VT-05350","513-161-10135","1955 Vt Rte, 100, Readsboro, VT 05350","229900","50","2026-08-17","2026-09-28","lingering","",""
"Jaffrey-Rd,-Peterborough,-NH-03458","064171-R003-029-000","Jaffrey Rd, Peterborough, NH 03458","250000","50","2026-08-17","2026-09-28","lingering","",""
"281-Chauncey-Walker-St,-Lot-153,-Belchertown,-MA-01007","M_125301_889114","281 Chauncey Walker St, Lot 153, Belchertown, MA 01007","145000","40","2026-08-24","2026-09-28","lingering","",""
"14-16-Wolcott-St,-Springfield,-MA-01104","F_362261_2869632","14-16 Wolcott St, Springfield, MA 01104","399999","188","2026-08-24","2026-09-21","gone","2026-09-28",""
"144-146-Magazine-St,-Springfield,-MA-01109","F_363737_2867759","144-146 Magazine St, Springfield, MA 01109","529900","43","2026-08-24","2026-09-28","lingering","",""
"28-Skipper-Ln,-Westfield,-MA-01085","F_322915_2883642","28 Skipper Ln, Westfield, MA 01085","249000","41","2026-08-24","2026-09-28","lingering","",""
"9-11-James-St,-Holyoke,-MA-01040","F_351613_2896446","9-11 James St, Holyoke, MA 01040","519900","36","2026-08-24","2026-09-28","lingering","",""
"5-Torrey-St,-Easthampton,-MA-01027","M_99753_892508","5 Torrey St, Easthampton, MA 01027","340000","189","2026-08-24","2026-09-28","lingering","",""
"23-25-High-St,-Easthampton,-MA-01027","M_103559_891762","23-25 High St, Easthampton, MA 01027","619000","41","2026-08-24","2026-09-28","lingering","",""
"11-School-St,-Sunderland,-MA-01375","M_111137_913492","11 School St, Sunderland, MA 01375","279000","32","2026-08-24","2026-09-21","gone","2026-09-28",""
"483-Federal-St,-Montague,-MA-01351","M_115417_919983","483 Federal St, Montague, MA 01351","270000","41","2026-08-24","2026-09-28","lingering","",""
"30-32-Ruskin-St,-Springfield,-MA-01108","F_372983_2856368","30-32 Ruskin St, Springfield, MA 01108","200000","35","2026-08-24","2026-09-21","gone","2026-09-28",""
"281-285-Belmont-Ave,-Springfield,-MA-01108","F_366487_2858930","281-285 Belmont Ave, Springfield, MA 01108","850000","40","2026-08-24","2026-09-28","lingering","",""
"51-Pageant-St,-Bennington,-VT-05201","051-015-66050","51 Pageant St, Bennington, VT 05201","315000","43","2026-08-24","2026-09-28","lingering","",""
"17-Waters-Edge,-Unit-17,-Ludlow,-MA-01056","M_118424_880306","17 Waters Edge, Unit 17, Ludlow, MA 01056","284900","35","2026-08-31","2026-09-28","lingering","","318"
"3-Maplelawn-Dr,-Monson,-MA-01057","F_436288_2876106","3 Maplelawn Dr, Monson, MA 01057","419900","34","2026-08-31","2026-09-28","lingering","",""
"511-Michael-Sears-Rd,-Belchertown,-MA-01007","M_128820_885629","511 Michael Sears Rd, Belchertown, MA 01007","435900","36","2026-08-31","2026-09-28","lingering","",""
"43-Cornell-St,-Springfield,-MA-01109","F_365068_2870028","43 Cornell St, Springfield, MA 01109","310000","35","2026-08-31","2026-09-28","lingering","",""
"101-Mulberry-St,-Apt-219,-Springfield,-MA-01105","F_363937_2864281","101 Mulberry St, Apt 219, Springfield, MA 01105","175000","33","2026-08-31","2026-09-28","lingering","","488"
"71-Colony-Rd,-Apt-1B,-West-Springfield,-MA-01089","F_352879_2861067","71 Colony Rd, Apt 1B, West Springfield, MA 01089","154900","26","2026-08-31","2026-09-21","gone","2026-09-28","390"
"19-Eldert-St,-Springfield,-MA-01109","F_372822_2871384","19 Eldert St, Springfield, MA 01109","299900","30","2026-08-31","2026-09-28","lingering","",""
"66-Glendale-St,-Easthampton,-MA-01027","M_101950_891169","66 Glendale St, Easthampton, MA 01027","550000","36","2026-08-31","2026-09-28","lingering","",""
"51-53-Leyfred-Ter,-Springfield,-MA-01108","F_364814_2859739","51-53 Leyfred Ter, Springfield, MA 01108","450000","69","2026-08-31","2026-09-21","gone","2026-09-28",""
"37-Squirrel-Rd,-Springfield,-MA-01108","F_371958_2852246","37 Squirrel Rd, Springfield, MA 01108","349000","50","2026-08-31","2026-09-28","lingering","",""
"36-Williamsburg-Dr,-Unit-36,-Springfield,-MA-01108","F_370329_2851764","36 Williamsburg Dr, Unit 36, Springfield, MA 01108","279900","34","2026-08-31","2026-09-28","lingering","","350"
"30-Halifax-Ct,-Apt-G,-Springfield,-MA-01108","F_370329_2851764","30 Halifax Ct, Apt G, Springfield, MA 01108","279900","26","2026-08-31","2026-09-21","gone","2026-09-28","452"
"16-Corey-Colonial,-Unit-16,-Agawam,-MA-01001","F_355691_2853971","16 Corey Colonial, Unit 16, Agawam, MA 01001","259500","33","2026-08-31","2026-09-28","lingering","","230"
"133-Denwall-Dr,-Springfield,-MA-01119","F_380992_2870896","133 Denwall Dr, Springfield, MA 01119","289000","32","2026-08-31","2026-09-28","lingering","",""
"22-Valley-Rd,-Brattleboro,-VT-05301","081-025-15290","22 Valley Rd, Brattleboro, VT 05301","56000","95","2026-08-31","2026-09-28","lingering","","336"
"13-Waters-Edge-Rd,-Swanzey,-NH-03431","034210-103055000000000000","13 Waters Edge Rd, Swanzey, NH 03431","279900","36","2026-08-31","2026-09-28","lingering","",""
"2-Hamlin-Ave,-Bennington,-VT-05201","051-015-67824","2 Hamlin Ave, Bennington, VT 05201","199900","154","2026-08-31","2026-09-28","lingering","",""
"171-Garbrooke-Dr,-Bennington,-VT-05201","051-015-64245","171 Garbrooke Dr, Bennington, VT 05201","325000","34","2026-08-31","2026-09-28","lingering","",""
"2-Bromley-Ln,-Bennington,-VT-05257","051-138-64692","2 Bromley Ln, Bennington, VT 05257","395000","36","2026-08-31","2026-09-28","lingering","",""
"1400-Turnpike-Rd,-Unit-2,-New-Ipswich,-NH-03071","064153-000001000010000000","1400 Turnpike Rd, Unit 2, New Ipswich, NH 03071","250000","24","2026-08-31","2026-09-21","gone","2026-09-28","300"
"353-Fuller-St,-Unit-45,-Ludlow,-MA-01056","M_118381_882429","353 Fuller St, Unit 45, Ludlow, MA 01056","369900","84","2026-09-07","2026-09-28","lingering","","386"
"35-Charles-St,-Hampden,-MA-01036","M_120881_870752","35 Charles St, Hampden, MA 01036","409999","20","2026-09-07","2026-09-21","gone","2026-09-28",""
"12-School-St,-Holyoke,-MA-01040","F_353807_2904106","12 School St, Holyoke, MA 01040","389900","28","2026-09-07","2026-09-28","lingering","",""
"42-Saint-Kolbe-Dr,-Apt-D,-Holyoke,-MA-01040","F_356003_2904017","42 Saint Kolbe Dr, Apt D, Holyoke, MA 01040","185000","28","2026-09-07","2026-09-28","lingering","","236"
"711-Newbury-St,-Springfield,-MA-01104","F_360844_2875448","711 Newbury St, Springfield, MA 01104","299999","28","2026-09-07","2026-09-28","lingering","",""
"75-Longwood-Dr,-Chicopee,-MA-01020","F_359741_2895576","75 Longwood Dr, Chicopee, MA 01020","375000","27","2026-09-07","2026-09-28","lingering","",""
"235-State-St,-Apt-407,-Springfield,-MA-01103","F_362223_2864615","235 State St, Apt 407, Springfield, MA 01103","205000","26","2026-09-07","2026-09-28","lingering","","344"
"122-Ambrose-St,-Springfield,-MA-01109","F_375109_2871049","122 Ambrose St, Springfield, MA 01109","397000","24","2026-09-07","2026-09-28","lingering","",""
"1-Alvord-Pl,-Unit-1,-South-Hadley,-MA-01075","M_109805_889380","1 Alvord Pl, Unit 1, South Hadley, MA 01075","375000","33","2026-09-07","2026-09-28","lingering","","149"
"5-Pine-St,-South-Hadley,-MA-01075","M_110576_888751","5 Pine St, South Hadley, MA 01075","875000","33","2026-09-07","2026-09-28","lingering","",""
"32-East-St,-Southampton,-MA-01073","F_324238_2909778","32 East St, Southampton, MA 01073","625000","34","2026-09-07","2026-09-28","lingering","",""
"83-Long-Plain-Rd,-Whately,-MA-01373","M_109151_909156","83 Long Plain Rd, Whately, MA 01373","745000","28","2026-09-07","2026-09-28","lingering","",""
"33-Hannum-Mdws,-Unit-C,-Northampton,-MA-01060","M_107999_894697","33 Hannum Mdws, Unit C, Northampton, MA 01060","885000","23","2026-09-07","2026-09-28","lingering","","250"
"11-Hannum-Mdws,-Unit-A,-Northampton,-MA-01060","M_107999_894697","11 Hannum Mdws, Unit A, Northampton, MA 01060","1295000","23","2026-09-07","2026-09-28","lingering","","250"
"22-Hannum-Mdws,-Unit-B,-Northampton,-MA-01060","M_107999_894697","22 Hannum Mdws, Unit B, Northampton, MA 01060","1360000","23","2026-09-07","2026-09-28","lingering","","250"
"115-Jamestown-Dr,-Unit-115,-Springfield,-MA-01108","F_370329_2851764","115 Jamestown Dr, Unit 115, Springfield, MA 01108","309900","137","2026-09-07","2026-09-21","gone","2026-09-28","488"
"38-Virginia-St,-Springfield,-MA-01108","F_369436_2856977","38 Virginia St, Springfield, MA 01108","324900","12","2026-09-07","2026-09-21","gone","2026-09-28",""
"30-Hawthorne-St,-Springfield,-MA-01105","F_366367_2863075","30 Hawthorne St, Springfield, MA 01105","284900","29","2026-09-07","2026-09-28","lingering","",""
"369-Breckwood-Blvd,-Springfield,-MA-01109","F_377926_2870448","369 Breckwood Blvd, Springfield, MA 01109","289000","29","2026-09-07","2026-09-28","lingering","",""
"7-Corey-Colonial,-Unit-7,-Agawam,-MA-01001","F_355691_2853971","7 Corey Colonial, Unit 7, Agawam, MA 01001","259000","22","2026-09-07","2026-09-21","gone","2026-09-28","230"
"17-Longmeadow-St,-Longmeadow,-MA-01106","F_362926_2852475","17 Longmeadow St, Longmeadow, MA 01106","569900","27","2026-09-07","2026-09-28","lingering","",""
"40-Warriner-Ave,-Springfield,-MA-01108","F_363876_2860308","40 Warriner Ave, Springfield, MA 01108","1650000","27","2026-09-07","2026-09-28","lingering","",""
"52-Navajo-Rd,-Springfield,-MA-01109","F_377523_2865437","52 Navajo Rd, Springfield, MA 01109","324999","27","2026-09-07","2026-09-28","lingering","",""
"11-13-Palmyra-St,-Springfield,-MA-01118","F_372556_2859735","11-13 Palmyra St, Springfield, MA 01118","369000","24","2026-09-07","2026-09-28","lingering","",""
"14-Deepwood-Park,-Brattleboro,-VT-05301","081-025-12719","14 Deepwood Park, Brattleboro, VT 05301","149900","25","2026-09-07","2026-09-28","lingering","","507"
"21-Winding-Hl,-Brattleboro,-VT-05301","081-025-15290","21 Winding Hl, Brattleboro, VT 05301","120000","28","2026-09-07","2026-09-28","lingering","","336"
"29-Eddy,-Ware,-MA-01082","M_138500_890380","29 Eddy, Ware, MA 01082","114000","62","2026-09-14","2026-09-28","lingering","",""
"17-19-Slater-Ave,-Springfield,-MA-01119","F_381813_2876860","17-19 Slater Ave, Springfield, MA 01119","450000","25","2026-09-14","2026-09-28","lingering","",""
"229-Miller-St,-Unit-10C,-Ludlow,-MA-01056","M_122676_880246","229 Miller St, Unit 10C, Ludlow, MA 01056","159900","18","2026-09-14","2026-09-28","lingering","","386"
"169-Slater-Ave,-Springfield,-MA-01119","F_382001_2875370","169 Slater Ave, Springfield, MA 01119","299999","74","2026-09-14","2026-09-28","lingering","",""
"79-Pomeroy-Ter,-Unit-79,-Northampton,-MA-01060","M_107367_897204","79 Pomeroy Ter, Unit 79, Northampton, MA 01060","495000","21","2026-09-14","2026-09-28","lingering","","350"
"9-Pine-Brook-Curv,-Northampton,-MA-01060","M_105983_899309","9 Pine Brook Curv, Northampton, MA 01060","305000","20","2026-09-14","2026-09-28","lingering","",""
"27-Huntington-Rd,-Hadley,-MA-01035","M_111206_902243","27 Huntington Rd, Hadley, MA 01035","549900","17","2026-09-14","2026-09-28","lingering","",""
"283-South-St,-Northampton,-MA-01060","M_105948_896011","283 South St, Northampton, MA 01060","550000","19","2026-09-14","2026-09-28","lingering","",""
"126-Federal-St,-Unit-126,-Montague,-MA-01349","M_117894_924479","126 Federal St, Unit 126, Montague, MA 01349","269900","19","2026-09-14","2026-09-28","lingering","",""
"170-E-Hadley-Rd,-Apt-58,-Amherst,-MA-01002","F_379325_2954051","170 E Hadley Rd, Apt 58, Amherst, MA 01002","299900","19","2026-09-14","2026-09-28","lingering","","473"
"95-Huntington-Rd,-Hadley,-MA-01035","M_112491_902477","95 Huntington Rd, Hadley, MA 01035","695000","19","2026-09-14","2026-09-28","lingering","",""
"67-Woodlot-Rd,-Amherst,-MA-01002","F_389478_2953226","67 Woodlot Rd, Amherst, MA 01002","749000","11","2026-09-14","2026-09-21","gone","2026-09-28","13"
"202-Beekman-Dr,-Unit-202,-Agawam,-MA-01001","F_354438_2853995","202 Beekman Dr, Unit 202, Agawam, MA 01001","274900","88","2026-09-14","2026-09-28","lingering","","296"
"192-Ambrose-St,-Springfield,-MA-01109","F_375204_2870368","192 Ambrose St, Springfield, MA 01109","374900","21","2026-09-14","2026-09-28","lingering","",""
"65-Rochelle-St,-Springfield,-MA-01109","F_370088_2867115","65 Rochelle St, Springfield, MA 01109","329900","21","2026-09-14","2026-09-28","lingering","",""
"30-Beechwood-Ave,-Springfield,-MA-01108","F_364740_2856809","30 Beechwood Ave, Springfield, MA 01108","429900","21","2026-09-14","2026-09-28","lingering","",""
"52-Honeysuckle-Dr,-Unit-52,-Chicopee,-MA-01022","F_367782_2895911","52 Honeysuckle Dr, Unit 52, Chicopee, MA 01022","245500","13","2026-09-14","2026-09-21","gone","2026-09-28","339"
"25-Webber-St,-Springfield,-MA-01108","F_373368_2856525","25 Webber St, Springfield, MA 01108","375000","20","2026-09-14","2026-09-28","lingering","",""
"45-Goldenrod-St,-Springfield,-MA-01109","F_369229_2872138","45 Goldenrod St, Springfield, MA 01109","469900","20","2026-09-14","2026-09-28","lingering","",""
"335-Oakland-St,-Springfield,-MA-01108","F_367808_2861117","335 Oakland St, Springfield, MA 01108","499999","20","2026-09-14","2026-09-28","lingering","",""
"389-Abbott-St,-Springfield,-MA-01118","F_375959_2863916","389 Abbott St, Springfield, MA 01118","339000","20","2026-09-14","2026-09-28","lingering","",""
"143-Winton-St,-Springfield,-MA-01118","F_375843_2862889","143 Winton St, Springfield, MA 01118","319000","18","2026-09-14","2026-09-28","lingering","",""
"202-Beekman-Dr,-Agawam,-MA-01001","F_354438_2853995","202 Beekman Dr, Agawam, MA 01001","278900","18","2026-09-14","2026-09-28","lingering","","296"
"25-Gertrude-St,-Springfield,-MA-01118","F_370732_2862848","25 Gertrude St, Springfield, MA 01118","289000","18","2026-09-14","2026-09-28","lingering","",""
"128-Wilber-St,-Springfield,-MA-01104","F_363665_2872573","128 Wilber St, Springfield, MA 01104","299900","18","2026-09-14","2026-09-28","lingering","",""
"24-Dickinson-St,-Springfield,-MA-01108","F_366088_2860627","24 Dickinson St, Springfield, MA 01108","569900","10","2026-09-14","2026-09-21","gone","2026-09-28",""
"34-Ashley-St,-Springfield,-MA-01105","F_365536_2863663","34 Ashley St, Springfield, MA 01105","395000","10","2026-09-14","2026-09-21","gone","2026-09-28",""
"9-Village-Dr,-Brattleboro,-VT-05301","081-025-15290","9 Village Dr, Brattleboro, VT 05301","59000","58","2026-09-14","2026-09-28","lingering","",""
"520-State-Rd,-Unit-209,-North-Adams,-MA-01247","M_64675_939904","520 State Rd, Unit 209, North Adams, MA 01247","590000","16","2026-09-14","2026-09-28","lingering","","624"
"520-State-Rd,-Unit-403,-North-Adams,-MA-01247","M_64675_939904","520 State Rd, Unit 403, North Adams, MA 01247","950000","16","2026-09-14","2026-09-28","lingering","","876"
"520-State-Rd,-Unit-306,-North-Adams,-MA-01247","M_64675_939904","520 State Rd, Unit 306, North Adams, MA 01247","1150000","16","2026-09-14","2026-09-28","lingering","","1170"
"14-Long-Hill-Rd,-Peterborough,-NH-03458","064171-R003-025-005","14 Long Hill Rd, Peterborough, NH 03458","339000","21","2026-09-14","2026-09-28","lingering","","355"
"11-Stephanie-Cir,-Springfield,-MA-01129","F_388234_2866218","11 Stephanie Cir, Springfield, MA 01129","399900","14","2026-09-21","2026-09-28","new","",""
"3055-Pine-St,-Palmer,-MA-01009","M_129851_884169","3055 Pine St, Palmer, MA 01009","325000","5","2026-09-21","2026-09-21","gone","2026-09-28",""
"229-Miller-St,-Trlr-C1,-Ludlow,-MA-01056","M_122676_880246","229 Miller St, Trlr C1, Ludlow, MA 01056","89999","10","2026-09-21","2026-09-28","new","","386"
"40-Eddy-St,-Ware,-MA-01082","M_138415_890299","40 Eddy St, Ware, MA 01082","299000","13","2026-09-21","2026-09-28","new","",""
"951-Tinkham-Rd,-Wilbraham,-MA-01095","F_398483_2864393","951 Tinkham Rd, Wilbraham, MA 01095","379000","4","2026-09-21","2026-09-21","gone","2026-09-28",""
"101-Mulberry-St,-Apt-519,-Springfield,-MA-01105","F_363937_2864281","101 Mulberry St, Apt 519, Springfield, MA 01105","119500","70","2026-09-21","2026-09-21","gone","2026-09-28","506"
"8-First-Ave,-Westfield,-MA-01085","F_316075_2888498","8 First Ave, Westfield, MA 01085","97500","48","2026-09-21","2026-09-21","gone","2026-09-28","461"
"317-Paper-Mill-Rd,-Westfield,-MA-01085","F_327368_2874261","317 Paper Mill Rd, Westfield, MA 01085","389900","32","2026-09-21","2026-09-28","lingering","",""
"104-Narragansett-St,-Springfield,-MA-01107","F_357694_2870390","104 Narragansett St, Springfield, MA 01107","459000","32","2026-09-21","2026-09-28","lingering","",""
"42-Clinton-Ave,-Holyoke,-MA-01040","F_353550_2904112","42 Clinton Ave, Holyoke, MA 01040","299000","13","2026-09-21","2026-09-21","gone","2026-09-28",""
"1161-E-Mountain-Rd,-Westfield,-MA-01085","F_333587_2880171","1161 E Mountain Rd, Westfield, MA 01085","399000","17","2026-09-21","2026-09-28","lingering","",""
"735-Memorial-Dr,-Trlr-2,-Chicopee,-MA-01020","F_365192_2891839","735 Memorial Dr, Trlr 2, Chicopee, MA 01020","140849","7","2026-09-21","2026-09-21","gone","2026-09-28","300"
"56-Montmorenci-St,-Springfield,-MA-01107","F_357479_2870110","56 Montmorenci St, Springfield, MA 01107","305000","14","2026-09-21","2026-09-28","new","",""
"195-197-Massaoit-St,-Springfield,-MA-01107","F_357619_2870282","195-197 Massaoit St, Springfield, MA 01107","450000","14","2026-09-21","2026-09-28","new","",""
"60-Montmorenci-St,-Springfield,-MA-01107","F_357510_2870139","60 Montmorenci St, Springfield, MA 01107","305000","14","2026-09-21","2026-09-28","new","",""
"57-Maple-St,-West-Springfield,-MA-01089","F_348065_2865886","57 Maple St, West Springfield, MA 01089","339900","13","2026-09-21","2026-09-28","new","",""
"42-Ringgold-St,-Springfield,-MA-01107","F_357795_2868473","42 Ringgold St, Springfield, MA 01107","429900","12","2026-09-21","2026-09-28","new","",""
"12-Willow-St,-Chicopee,-MA-01020","F_363049_2900131","12 Willow St, Chicopee, MA 01020","535000","13","2026-09-21","2026-09-28","new","",""
"44-46-Langdon-St,-Springfield,-MA-01104","F_361509_2873368","44-46 Langdon St, Springfield, MA 01104","475000","6","2026-09-21","2026-09-21","gone","2026-09-28",""
"132-Horseshoe-Dr,-Unit-132,-Chicopee,-MA-01022","F_367782_2895911","132 Horseshoe Dr, Unit 132, Chicopee, MA 01022","235000","5","2026-09-21","2026-09-21","gone","2026-09-28","340"
"158-Telegraph-Ave,-Chicopee,-MA-01020","F_363788_2899423","158 Telegraph Ave, Chicopee, MA 01020","364900","9","2026-09-21","2026-09-28","new","",""
"38-40-Grover-St,-Springfield,-MA-01104","F_361272_2871521","38-40 Grover St, Springfield, MA 01104","320000","11","2026-09-21","2026-09-28","new","",""
"145-Longwood-Dr,-Chicopee,-MA-01020","F_360072_2895024","145 Longwood Dr, Chicopee, MA 01020","349900","4","2026-09-21","2026-09-21","gone","2026-09-28",""
"36-Ludlow-Rd,-Chicopee,-MA-01020","F_368771_2904504","36 Ludlow Rd, Chicopee, MA 01020","480000","11","2026-09-21","2026-09-28","new","",""
"218-Heatherstone-Rd,-Amherst,-MA-01002","F_391407_2960988","218 Heatherstone Rd, Amherst, MA 01002","749900","14","2026-09-21","2026-09-28","new","","15"
"54-Ryan-Rd,-Northampton,-MA-01062","M_102759_898175","54 Ryan Rd, Northampton, MA 01062","439000","12","2026-09-21","2026-09-28","new","",""
"76-Surrey-Rd,-Springfield,-MA-01118","F_371802_2862752","76 Surrey Rd, Springfield, MA 01118","290000","14","2026-09-21","2026-09-28","new","",""
"152-Corey-Colonial,-Unit-152,-Agawam,-MA-01001","F_355691_2853971","152 Corey Colonial, Unit 152, Agawam, MA 01001","245000","12","2026-09-21","2026-09-28","new","","230"
"129-131-W-Alvord-St,-Springfield,-MA-01108","F_371260_2860040","129-131 W Alvord St, Springfield, MA 01108","435000","12","2026-09-21","2026-09-28","new","",""
"55-Arden-St,-Springfield,-MA-01118","F_371345_2861818","55 Arden St, Springfield, MA 01118","290000","13","2026-09-21","2026-09-28","new","",""
"690-Converse-St,-Longmeadow,-MA-01106","F_370168_2850828","690 Converse St, Longmeadow, MA 01106","569000","11","2026-09-21","2026-09-28","new","",""
"1877-Fort-Bridgman-Rd,-Vernon,-VT-05354","666-211-10295","1877 Fort Bridgman Rd, Vernon, VT 05354","425000","15","2026-09-21","2026-09-28","lingering","",""
"1107-Broad-Brook-Rd,-Guilford,-VT-05301","273-086-10614","1107 Broad Brook Rd, Guilford, VT 05301","165000","12","2026-09-21","2026-09-28","new","",""
"437-Pratt-Rd,-Pownal,-VT-05261","495-156-11775","437 Pratt Rd, Pownal, VT 05261","975000","11","2026-09-21","2026-09-28","new","",""
"856-Matteson-Rd,-Bennington,-VT-05201","051-015-65090","856 Matteson Rd, Bennington, VT 05201","579000","11","2026-09-21","2026-09-28","new","",""
"249-Pine-Hollow-Rd,-Pownal,-VT-05261","495-156-10967","249 Pine Hollow Rd, Pownal, VT 05261","425000","6","2026-09-21","2026-09-21","gone","2026-09-28",""
"1105-Stony-Hill-Rd,-Wilbraham,-MA-01095","F_394801_2861835","1105 Stony Hill Rd, Wilbraham, MA 01095","599000","8","2026-09-28","2026-09-28","new","",""
"11-Christine-St,-Palmer,-MA-01069","M_134049_880022","11 Christine St, Palmer, MA 01069","359900","6","2026-09-28","2026-09-28","new","",""
"353-Fuller-St,-Unit-42,-Ludlow,-MA-01056","M_118381_882429","353 Fuller St, Unit 42, Ludlow, MA 01056","399000","4","2026-09-28","2026-09-28","new","","382"
"36-Decorie-Dr,-Wilbraham,-MA-01095","F_401442_2875414","36 Decorie Dr, Wilbraham, MA 01095","485000","5","2026-09-28","2026-09-28","new","",""
"35-Merrimac-Ave,-Springfield,-MA-01104","F_366030_2872973","35 Merrimac Ave, Springfield, MA 01104","274900","95","2026-09-28","2026-09-28","lingering","",""
"227-Telegraph-Ave,-Chicopee,-MA-01020","F_364119_2898686","227 Telegraph Ave, Chicopee, MA 01020","470000","8","2026-09-28","2026-09-28","new","",""
"288-Root-Rd,-Westfield,-MA-01085","F_317078_2892862","288 Root Rd, Westfield, MA 01085","500000","8","2026-09-28","2026-09-28","new","",""
"186-Buckingham-St,-Springfield,-MA-01109","F_365683_2868784","186 Buckingham St, Springfield, MA 01109","299999","8","2026-09-28","2026-09-28","new","",""
"228-232-Eastern-Ave,-Springfield,-MA-01109","F_367757_2864812","228-232 Eastern Ave, Springfield, MA 01109","699000","8","2026-09-28","2026-09-28","new","",""
"15-Surrey-Ln,-Amherst,-MA-01002","F_381684_2949665","15 Surrey Ln, Amherst, MA 01002","418888","7","2026-09-28","2026-09-28","new","","25"
"266-Grove-St,-Apt-2,-Northampton,-MA-01060","M_105028_895768","266 Grove St, Apt 2, Northampton, MA 01060","330000","8","2026-09-28","2026-09-28","new","","360"
"16-Bedford-Ct,-Unit-16,-Amherst,-MA-01002","F_390142_2959063","16 Bedford Ct, Unit 16, Amherst, MA 01002","415000","6","2026-09-28","2026-09-28","new","","516"
"170-E-Hadley-Rd,-Apt-74,-Amherst,-MA-01002","F_379325_2954051","170 E Hadley Rd, Apt 74, Amherst, MA 01002","259900","4","2026-09-28","2026-09-28","new","","473"
"68-Stony-Hill-Rd,-Amherst,-MA-01002","F_390697_2959161","68 Stony Hill Rd, Amherst, MA 01002","325000","7","2026-09-28","2026-09-28","new","",""
"230-N-Main-St,-Northampton,-MA-01062","M_102535_899668","230 N Main St, Northampton, MA 01062","2000000","4","2026-09-28","2026-09-28","new","",""
"21-23-Olmsted-Dr,-Springfield,-MA-01108","F_369739_2855645","21 23 Olmsted Dr, Springfield, MA 01108","364900","8","2026-09-28","2026-09-28","new","",""
"298-302-Belmont-Ave,-Springfield,-MA-01108","F_366571_2858746","298-302 Belmont Ave, Springfield, MA 01108","749900","7","2026-09-28","2026-09-28","new","",""
"82-84-Maryland-St,-Springfield,-MA-01108","F_369085_2856037","82-84 Maryland St, Springfield, MA 01108","350000","7","2026-09-28","2026-09-28","new","",""
"34-Parkwood-St,-Springfield,-MA-01108","F_368310_2857648","34 Parkwood St, Springfield, MA 01108","299900","7","2026-09-28","2026-09-28","new","",""
"40-Halifax-Ct,-Apt-E,-Springfield,-MA-01108","F_370329_2851764","40 Halifax Ct, Apt E, Springfield, MA 01108","279900","7","2026-09-28","2026-09-28","new","","350"
"104-Wayne-St,-Springfield,-MA-01118","F_372111_2860118","104 Wayne St, Springfield, MA 01118","379900","6","2026-09-28","2026-09-28","new","",""
"45-Bronson-Ter,-Springfield,-MA-01108","F_369549_2855218","45 Bronson Ter, Springfield, MA 01108","359900","6","2026-09-28","2026-09-28","new","",""
"122-Fort-Pleasant-Ave,-Springfield,-MA-01108","F_364154_2858646","122 Fort Pleasant Ave, Springfield, MA 01108","515000","5","2026-09-28","2026-09-28","new","",""
"68-Alhambra-Cir-N,-Agawam,-MA-01001","F_360120_2855580","68 Alhambra Cir N, Agawam, MA 01001","369900","4","2026-09-28","2026-09-28","new","",""
"863-Worthington-St,-Springfield,-MA-01105","F_362641_2867659","863 Worthington St, Springfield, MA 01105","249000","3","2026-09-28","2026-09-28","new","",""
"50-Lawton-Dr,-Brattleboro,-VT-05301","081-025-14652","50 Lawton Dr, Brattleboro, VT 05301","129000","7","2026-09-28","2026-09-28","new","",""
"627-Abbott-Rd,-Brattleboro,-VT-05301","081-025-13362","627 Abbott Rd, Brattleboro, VT 05301","310000","4","2026-09-28","2026-09-28","new","",""
"29-Asas-Way,-Bennington,-VT-05257","051-138-70006","29 Asas Way, Bennington, VT 05257","55000","153","2026-09-28","2026-09-28","lingering","",""
"24-Asas-Way,-Bennington,-VT-05257",NA,"24 Asas Way, Bennington, VT 05257","55000","153","2026-09-28","2026-09-28","lingering","",""
"1806-Bosley-Hill-Rd,-Readsboro,-VT-05350","513-161-10248","1806 Bosley Hill Rd, Readsboro, VT 05350","269000","102","2026-09-28","2026-09-28","lingering","",""
"2-North-St,-Bennington,-VT-05257","051-138-64680","2 North St, Bennington, VT 05257","219000","5","2026-09-28","2026-09-28","new","",""
"128-Burgess-Rd,-Bennington,-VT-05201","051-015-68242","128 Burgess Rd, Bennington, VT 05201","165000","6","2026-09-28","2026-09-28","new","",""
"230-Beech-St,-Bennington,-VT-05201","051-015-69199","230 Beech St, Bennington, VT 05201","249500","5","2026-09-28","2026-09-28","new","",""
"Ladd-Rd,-Pownal,-VT-05261","495-156-11439","Ladd Rd, Pownal, VT 05261","85000","6","2026-09-28","2026-09-28","new","",""
